[
    {"pid":"1",
      "photoloc":"https://th.bing.com/th/id/OIP.T1oW1SG1LPgJ2WgpqLRrbgAAAA?pid=ImgDet&rs=1",
      "lphotoloc":"https://th.bing.com/th/id/OIP.T1oW1SG1LPgJ2WgpqLRrbgAAAA?pid=ImgDet&rs=1",
      "rphotoloc":"https://th.bing.com/th/id/OIP.T1oW1SG1LPgJ2WgpqLRrbgAAAA?pid=ImgDet&rs=1",
      "bphotoloc":"https://th.bing.com/th/id/OIP.T1oW1SG1LPgJ2WgpqLRrbgAAAA?pid=ImgDet&rs=1"
    },

    {"pid":"2",
        "photoloc":"assets/img/1.jpg",
        "lphotoloc":"assets/img/1.jpg",
        "rphotoloc":"assets/img/1.jpg",
        "bphotoloc":"assets/img/1.jpg"
      },

      {"pid":"3",
        "photoloc":"assets/img/1.jpg",
        "lphotoloc":"assets/img/1.jpg",
        "rphotoloc":"assets/img/1.jpg",
        "bphotoloc":"assets/img/1.jpg"
      },
      {"pid":"4",
        "photoloc":"https://th.bing.com/th/id/OIP.T1oW1SG1LPgJ2WgpqLRrbgAAAA?pid=ImgDet&rs=1",
        "lphotoloc":"https://th.bing.com/th/id/OIP.T1oW1SG1LPgJ2WgpqLRrbgAAAA?pid=ImgDet&rs=1",
        "rphotoloc":"https://th.bing.com/th/id/OIP.T1oW1SG1LPgJ2WgpqLRrbgAAAA?pid=ImgDet&rs=1",
        "bphotoloc":"https://th.bing.com/th/id/OIP.T1oW1SG1LPgJ2WgpqLRrbgAAAA?pid=ImgDet&rs=1"
      }
]